product_code,class_code,field,parser_value,reference_value,review_status,reviewed_value,source_page,note,pdf_found,pdf_file,page,table,row_index,score,numeric_values,row_text,suggested_review_status,audit_note
KR5110501016,C-P,total_expense_ratio,0.33,0.34,,,,FIELD_MISMATCH / expense_ratio_mismatch / 비용표 원문에서 총보수·비용 컬럼 재확인,Y,R2_KR5110501016.pdf,,,,,,,,
KR5114420027,CYE,total_expense_ratio,0.2641,,,,,FIELD_MISMATCH / expense_ratio_mismatch / 비용표 원문에서 총보수·비용 컬럼 재확인,Y,R2_KR5114420027.pdf,35,0,5,65,0.12/0.12/0.01/0.0/0.25/0.0141/0.2641/0.2641/0.0151,"수수료미징구-온라인-무권유저비용,개 인연금(CYe) | 0.12 | 0.12 | 0.01 | 0.00 | 0.25 | 0.0141 | 0.2641 | - | 0.2641 | 0.0151",PARSER_CORRECT,reference value empty/out-of-range; parser value appears in PDF fee row
KR5114420027,CYE,account_type,연금저축,퇴직연금/IRP,,,,FIELD_MISMATCH / expense_ratio_mismatch / 비용표 원문에서 총보수·비용 컬럼 재확인,Y,R2_KR5114420027.pdf,35,0,5,65,0.12/0.12/0.01/0.0/0.25/0.0141/0.2641/0.2641/0.0151,"수수료미징구-온라인-무권유저비용,개 인연금(CYe) | 0.12 | 0.12 | 0.01 | 0.00 | 0.25 | 0.0141 | 0.2641 | - | 0.2641 | 0.0151",,
KR5114450270,SP,total_expense_ratio,0.3741,,,,,FIELD_MISMATCH / expense_ratio_mismatch / 비용표 원문에서 총보수·비용 컬럼 재확인,Y,R2_KR5114450270.pdf,29,0,5,55,0.17/0.16/0.02/0.0/0.35/0.0241/0.3741/0.3741/0.0574,수수료미징구-온라인슈퍼-퇴직연금 (Sp) | 0.17 | 0.16 | 0.02 | 0.00 | 0.35 | 0.0241 | 0.3741 | - | 0.3741 | 0.0574,PARSER_CORRECT,reference value empty/out-of-range; parser value appears in PDF fee row
KR5114450270,SP,channel,온라인슈퍼,오프라인,,,,FIELD_MISMATCH / expense_ratio_mismatch / 비용표 원문에서 총보수·비용 컬럼 재확인,Y,R2_KR5114450270.pdf,29,0,5,55,0.17/0.16/0.02/0.0/0.35/0.0241/0.3741/0.3741/0.0574,수수료미징구-온라인슈퍼-퇴직연금 (Sp) | 0.17 | 0.16 | 0.02 | 0.00 | 0.35 | 0.0241 | 0.3741 | - | 0.3741 | 0.0574,PARSER_CORRECT,online-super in PDF row
KR5117420097,C-PE,total_expense_ratio,0.2137,,,,,FIELD_MISMATCH / expense_ratio_mismatch / 비용표 원문에서 총보수·비용 컬럼 재확인,Y,R2_KR5117420097.pdf,30,0,3,55,0.06/0.125/0.01/0.01/0.205/0.0087/0.2137/0.2137/0.0042,수수료미징구-온라인- 개인연금 (C-pe) | 0.060 | 0.125 | 0.010 | 0.010 | 0.205 | - | 0.0087 | 0.2137 | 0.2137 | 0.0042,PARSER_CORRECT,reference value empty/out-of-range; parser value appears in PDF fee row
KR5117420097,C-PE,account_type,연금저축,퇴직연금/IRP,,,,FIELD_MISMATCH / expense_ratio_mismatch / 비용표 원문에서 총보수·비용 컬럼 재확인,Y,R2_KR5117420097.pdf,30,0,3,55,0.06/0.125/0.01/0.01/0.205/0.0087/0.2137/0.2137/0.0042,수수료미징구-온라인- 개인연금 (C-pe) | 0.060 | 0.125 | 0.010 | 0.010 | 0.205 | - | 0.0087 | 0.2137 | 0.2137 | 0.0042,PARSER_CORRECT,personal pension in PDF row
KR5119450058,C-PE,total_expense_ratio,1.1117,,,,,FIELD_MISMATCH / expense_ratio_mismatch / 비용표 원문에서 총보수·비용 컬럼 재확인,Y,R2_KR5119450058.pdf,37,0,7,55,0.65/0.42/0.025/0.015/1.11/0.0017/1.1117/1.1745/1.7326,수수료미징구-온라인- 개인연금 (C-pe) | 0.650 | 0.420 | 0.025 | 0.015 | 1.110 | - | 0.0017 | 1.1117 | 1.1745 | 1.7326,PARSER_CORRECT,reference value empty/out-of-range; parser value appears in PDF fee row
KR5119450058,C-PE,channel,온라인,온라인슈퍼,,,,FIELD_MISMATCH / expense_ratio_mismatch / 비용표 원문에서 총보수·비용 컬럼 재확인,Y,R2_KR5119450058.pdf,37,0,7,55,0.65/0.42/0.025/0.015/1.11/0.0017/1.1117/1.1745/1.7326,수수료미징구-온라인- 개인연금 (C-pe) | 0.650 | 0.420 | 0.025 | 0.015 | 1.110 | - | 0.0017 | 1.1117 | 1.1745 | 1.7326,PARSER_CORRECT,online in PDF row
KR5119450058,C-PE,account_type,연금저축,퇴직연금/IRP,,,,FIELD_MISMATCH / expense_ratio_mismatch / 비용표 원문에서 총보수·비용 컬럼 재확인,Y,R2_KR5119450058.pdf,37,0,7,55,0.65/0.42/0.025/0.015/1.11/0.0017/1.1117/1.1745/1.7326,수수료미징구-온라인- 개인연금 (C-pe) | 0.650 | 0.420 | 0.025 | 0.015 | 1.110 | - | 0.0017 | 1.1117 | 1.1745 | 1.7326,PARSER_CORRECT,personal pension in PDF row
KR5119520012,C-PE,total_expense_ratio,0.4,,,,,FIELD_MISMATCH / expense_ratio_mismatch / 비용표 원문에서 총보수·비용 컬럼 재확인,Y,R2_KR5119520012.pdf,37,1,12,40,0.22/0.15/0.03/0.4/0.4/0.4023,수수료미징구-온라인- 개인연금 (C-pe) | | 0.220 | 0.150 | 0.030 | 없음 | 0.400 | - | - | 0.400 | 0.4023 | -,PARSER_CORRECT,reference value empty/out-of-range; parser value appears in PDF fee row
KR5119520012,C-PE,channel,온라인,온라인슈퍼,,,,FIELD_MISMATCH / expense_ratio_mismatch / 비용표 원문에서 총보수·비용 컬럼 재확인,Y,R2_KR5119520012.pdf,37,1,12,40,0.22/0.15/0.03/0.4/0.4/0.4023,수수료미징구-온라인- 개인연금 (C-pe) | | 0.220 | 0.150 | 0.030 | 없음 | 0.400 | - | - | 0.400 | 0.4023 | -,PARSER_CORRECT,online in PDF row
KR5119520012,C-PE,account_type,연금저축,퇴직연금/IRP,,,,FIELD_MISMATCH / expense_ratio_mismatch / 비용표 원문에서 총보수·비용 컬럼 재확인,Y,R2_KR5119520012.pdf,37,1,12,40,0.22/0.15/0.03/0.4/0.4/0.4023,수수료미징구-온라인- 개인연금 (C-pe) | | 0.220 | 0.150 | 0.030 | 없음 | 0.400 | - | - | 0.400 | 0.4023 | -,PARSER_CORRECT,personal pension in PDF row
KR5122420005,C-P1,total_expense_ratio,0.339,0.3324,,,,FIELD_MISMATCH / expense_ratio_mismatch / 비용표 원문에서 총보수·비용 컬럼 재확인,Y,R2_KR5122420005.pdf,37,0,13,50,0.075/0.23/0.015/0.01/0.0024/0.3324/0.339/0.0468,수수료미징구-오프라 인-개인연금형(C-P1) | 0.0750 | | 0.2300 | 0.0150 | 0.0100 | | | 0.0024 | 0.3324 | 0.3390 | 0.0468 | - |,NEEDS_POLICY_REVIEW,"both values appear in PDF row, likely total vs synthetic total columns"
KR5122420005,C-P2,total_expense_ratio,0.329,0.3224,,,,FIELD_MISMATCH / expense_ratio_mismatch / 비용표 원문에서 총보수·비용 컬럼 재확인,Y,R2_KR5122420005.pdf,37,0,14,50,0.075/0.22/0.015/0.01/0.0024/0.3224/0.329/0.0468,수수료미징구-오프라 인-퇴직연금형(C-P2) | 0.0750 | | 0.2200 | 0.0150 | 0.0100 | | | 0.0024 | 0.3224 | 0.3290 | 0.0468 | - |,NEEDS_POLICY_REVIEW,"both values appear in PDF row, likely total vs synthetic total columns"
KR5122420005,C-PE2,total_expense_ratio,0.2139,0.2074,,,,FIELD_MISMATCH / expense_ratio_mismatch / 비용표 원문에서 총보수·비용 컬럼 재확인,Y,R2_KR5122420005.pdf,37,0,19,50,0.075/0.105/0.015/0.01/0.0024/0.2074/0.2139/0.0468,수수료미징구-온라인 -퇴직연금형 (C-Pe2) | 0.0750 | | 0.1050 | 0.0150 | 0.0100 | | | 0.0024 | 0.2074 | 0.2139 | 0.0468 | - |,NEEDS_POLICY_REVIEW,"both values appear in PDF row, likely total vs synthetic total columns"
KR5122420005,C-PE2,channel,온라인,오프라인,,,,FIELD_MISMATCH / expense_ratio_mismatch / 비용표 원문에서 총보수·비용 컬럼 재확인,Y,R2_KR5122420005.pdf,37,0,19,50,0.075/0.105/0.015/0.01/0.0024/0.2074/0.2139/0.0468,수수료미징구-온라인 -퇴직연금형 (C-Pe2) | 0.0750 | | 0.1050 | 0.0150 | 0.0100 | | | 0.0024 | 0.2074 | 0.2139 | 0.0468 | - |,PARSER_CORRECT,online in PDF row
KR5122420005,O,channel,불명,오프라인,,,,FIELD_MISMATCH / channel_mismatch / 클래스 정의 원문에서 판매채널 재확인,Y,R2_KR5122420005.pdf,37,0,22,40,0.075/0.102/0.015/0.01/0.202/0.202,수수료미징구-디폴트 옵션-퇴직연금(O) | 0.0750 | | 0.102 | 0.0150 | 0.0100 | | | - | 0.2020 | 0.2020 | - | - |,,
KR5139420020,C,total_expense_ratio,0.3148,0.0023,,,,FIELD_MISMATCH / expense_ratio_mismatch / 비용표 원문에서 총보수·비용 컬럼 재확인,Y,R2_KR5139420020.pdf,28,1,5,60,0.0945/0.19/0.015/0.013/0.3125/0.4/0.0023/0.3148/0.3248/0.0115,수수료미징구 -오프라인 -퇴직연금(C) | 0.0945 | | | 0.1900 | 0.0150 | 0.0130 | | | 0.3125 | 0.4000 | 0.0023 | 0.3148 | 0.3248 | | | 0.0115 |,PARSER_CORRECT,reference value empty/out-of-range; parser value appears in PDF fee row
KR5139420020,C-E,total_expense_ratio,0.2198,0.0023,,,,FIELD_MISMATCH / expense_ratio_mismatch / 비용표 원문에서 총보수·비용 컬럼 재확인,Y,R2_KR5139420020.pdf,28,1,6,60,0.0945/0.095/0.015/0.013/0.2175/0.27/0.0023/0.2198/0.2298/0.0119,수수료미징구 -온라인 -퇴직연금 (C-e) | 0.0945 | | | 0.0950 | 0.0150 | 0.0130 | | | 0.2175 | 0.2700 | 0.0023 | 0.2198 | 0.2298 | | | 0.0119 |,PARSER_CORRECT,reference value empty/out-of-range; parser value appears in PDF fee row
KR5152420028,C-PE,total_expense_ratio,0.02,0.001,,,,FIELD_MISMATCH / expense_ratio_mismatch / 비용표 원문에서 총보수·비용 컬럼 재확인,Y,R2_KR5152420028.pdf,28,0,17,35,0.06/0.095/0.004/0.099/0.001,수수료미징구-온라인- 퇴직연금(CPe) | | | | 0.06 | | | | | 0.095 | 0.004 | 0.099 | - | 0.001 |,,
KR5153420063,C-P,total_expense_ratio,0.47,0.48,,,,FIELD_MISMATCH / expense_ratio_mismatch / 비용표 원문에서 총보수·비용 컬럼 재확인,Y,R2_KR5153420063.pdf,,,,,,,,
KR5153420063,C-P2,total_expense_ratio,0.46,0.47,,,,FIELD_MISMATCH / expense_ratio_mismatch / 비용표 원문에서 총보수·비용 컬럼 재확인,Y,R2_KR5153420063.pdf,,,,,,,,
KR5153420079,C-P,total_expense_ratio,0.48,1.97,,,,FIELD_MISMATCH / expense_ratio_mismatch / 비용표 원문에서 총보수·비용 컬럼 재확인,Y,R2_KR5153420079.pdf,,,,,,,,
KR5153420079,C-P2,total_expense_ratio,0.41,2.0,,,,FIELD_MISMATCH / expense_ratio_mismatch / 비용표 원문에서 총보수·비용 컬럼 재확인,Y,R2_KR5153420079.pdf,,,,,,,,
KR5153420105,C-P,total_expense_ratio,0.43,1.08,,,,FIELD_MISMATCH / expense_ratio_mismatch / 비용표 원문에서 총보수·비용 컬럼 재확인,Y,R2_KR5153420105.pdf,,,,,,,,
KR5153420105,C-P2,total_expense_ratio,0.42,2.0,,,,FIELD_MISMATCH / expense_ratio_mismatch / 비용표 원문에서 총보수·비용 컬럼 재확인,Y,R2_KR5153420105.pdf,,,,,,,,
KR5153420339,C-P,channel,오프라인,온라인,,,,FIELD_MISMATCH / channel_mismatch / 클래스 정의 원문에서 판매채널 재확인,Y,R2_KR5153420339.pdf,,,,,,,,
KR5153420339,C-P2,channel,오프라인,온라인슈퍼,,,,FIELD_MISMATCH / channel_mismatch / 클래스 정의 원문에서 판매채널 재확인,Y,R2_KR5153420339.pdf,,,,,,,,
KR5153450009,C-P2E,total_expense_ratio,0.7,0.73,,,,FIELD_MISMATCH / expense_ratio_mismatch / 비용표 원문에서 총보수·비용 컬럼 재확인,Y,R2_KR5153450009.pdf,,,,,,,,
KR5153450250,C-P2E,total_expense_ratio,0.795,0.805,,,,FIELD_MISMATCH / expense_ratio_mismatch / 비용표 원문에서 총보수·비용 컬럼 재확인,Y,R2_KR5153450250.pdf,,,,,,,,
KR5153450268,C-P,total_expense_ratio,1.54,4.3,,,,FIELD_MISMATCH / expense_ratio_mismatch / 비용표 원문에서 총보수·비용 컬럼 재확인,Y,R2_KR5153450268.pdf,,,,,,,,
KR5153450268,C-P,channel,오프라인,온라인,,,,FIELD_MISMATCH / expense_ratio_mismatch / 비용표 원문에서 총보수·비용 컬럼 재확인,Y,R2_KR5153450268.pdf,,,,,,,,
KR5153450268,C-P2,total_expense_ratio,1.35,,,,,FIELD_MISMATCH / expense_ratio_mismatch / 비용표 원문에서 총보수·비용 컬럼 재확인,Y,R2_KR5153450268.pdf,,,,,,,,
KR5153450268,C-P2,channel,오프라인,온라인,,,,FIELD_MISMATCH / expense_ratio_mismatch / 비용표 원문에서 총보수·비용 컬럼 재확인,Y,R2_KR5153450268.pdf,,,,,,,,
KR5153450658,C-P,total_expense_ratio,0.4,0.99,,,,FIELD_MISMATCH / expense_ratio_mismatch / 비용표 원문에서 총보수·비용 컬럼 재확인,Y,R2_KR5153450658.pdf,,,,,,,,
KR5153450658,C-P2,total_expense_ratio,0.38,2.0,,,,FIELD_MISMATCH / expense_ratio_mismatch / 비용표 원문에서 총보수·비용 컬럼 재확인,Y,R2_KR5153450658.pdf,,,,,,,,
KR5153450772,C-P,total_expense_ratio,1.03,-4.62,,,,FIELD_MISMATCH / expense_ratio_mismatch / 비용표 원문에서 총보수·비용 컬럼 재확인,Y,R2_KR5153450772.pdf,,,,,,,,
KR5153450772,C-P2,total_expense_ratio,0.89,2.0,,,,FIELD_MISMATCH / expense_ratio_mismatch / 비용표 원문에서 총보수·비용 컬럼 재확인,Y,R2_KR5153450772.pdf,,,,,,,,
KR5153451009,C-P,total_expense_ratio,1.68,1.75,,,,FIELD_MISMATCH / expense_ratio_mismatch / 비용표 원문에서 총보수·비용 컬럼 재확인,Y,R2_KR5153451009.pdf,,,,,,,,
KR5153451009,C-PE,total_expense_ratio,1.2,1.27,,,,FIELD_MISMATCH / expense_ratio_mismatch / 비용표 원문에서 총보수·비용 컬럼 재확인,Y,R2_KR5153451009.pdf,,,,,,,,
KR5153520012,C-P2E,total_expense_ratio,0.28,0.29,,,,FIELD_MISMATCH / expense_ratio_mismatch / 비용표 원문에서 총보수·비용 컬럼 재확인,Y,R2_KR5153520012.pdf,,,,,,,,
KR5157450017,C-P2,total_expense_ratio,1.302,0.002,,,,FIELD_MISMATCH / expense_ratio_mismatch / 비용표 원문에서 총보수·비용 컬럼 재확인,Y,R2_KR5157450017.pdf,30,0,17,50,0.65/0.6/0.03/0.02/1.3/0.002/1.302/0.254,수수료미징구-오프라인 -퇴직연금(C-P2) | 0.650 | | 0.600 | 0.030 | 0.020 | | | 1.300 | 0.002 | 1.302 | - | 0.254 |,PARSER_CORRECT,reference value empty/out-of-range; parser value appears in PDF fee row
KR5157450017,C-PE1,total_expense_ratio,1.122,0.002,,,,FIELD_MISMATCH / expense_ratio_mismatch / 비용표 원문에서 총보수·비용 컬럼 재확인,Y,R2_KR5157450017.pdf,30,0,16,50,0.65/0.42/0.03/0.02/1.12/0.002/1.122/0.253,수수료미징구-온라인 -개인연금(C-Pe1) | 0.650 | | 0.420 | 0.030 | 0.020 | | | 1.120 | 0.002 | 1.122 | - | 0.253 |,PARSER_CORRECT,reference value empty/out-of-range; parser value appears in PDF fee row
KR5157450017,C-PE2,total_expense_ratio,1.002,0.002,,,,FIELD_MISMATCH / expense_ratio_mismatch / 비용표 원문에서 총보수·비용 컬럼 재확인,Y,R2_KR5157450017.pdf,30,0,18,50,0.65/0.3/0.03/0.02/1.0/0.002/1.002/0.256,수수료미징구-온라인 -퇴직연금(C-Pe2) | 0.650 | | 0.300 | 0.030 | 0.020 | | | 1.000 | 0.002 | 1.002 | - | 0.256 |,PARSER_CORRECT,reference value empty/out-of-range; parser value appears in PDF fee row
KR5157450090,C-PE1,total_expense_ratio,1.012,0.002,,,,FIELD_MISMATCH / expense_ratio_mismatch / 비용표 원문에서 총보수·비용 컬럼 재확인,Y,R2_KR5157450090.pdf,35,1,15,55,0.55/0.42/0.02/0.02/1.01/0.002/1.012/1.04/0.9743,수수료미징구-온라인- 개인연금(C-Pe1) | 0.550 | | | 0.420 | 0.020 | 0.020 | | | 1.010 | 0.002 | 1.012 | - | 1.040 | | | 0.9743 |,PARSER_CORRECT,reference value empty/out-of-range; parser value appears in PDF fee row
KR5157450090,C-PE1,channel,온라인,오프라인,,,,FIELD_MISMATCH / expense_ratio_mismatch / 비용표 원문에서 총보수·비용 컬럼 재확인,Y,R2_KR5157450090.pdf,35,1,15,55,0.55/0.42/0.02/0.02/1.01/0.002/1.012/1.04/0.9743,수수료미징구-온라인- 개인연금(C-Pe1) | 0.550 | | | 0.420 | 0.020 | 0.020 | | | 1.010 | 0.002 | 1.012 | - | 1.040 | | | 0.9743 |,PARSER_CORRECT,online in PDF row
KR5157450090,C-PE2,total_expense_ratio,0.842,0.002,,,,FIELD_MISMATCH / expense_ratio_mismatch / 비용표 원문에서 총보수·비용 컬럼 재확인,Y,R2_KR5157450090.pdf,35,1,17,55,0.55/0.25/0.02/0.02/0.84/0.002/0.842/0.872/0.977,수수료미징구-온라인-퇴직연 금(C-Pe2) | 0.550 | | | 0.250 | 0.020 | 0.020 | | | 0.840 | 0.002 | 0.842 | - | 0.872 | | | 0.9770 |,PARSER_CORRECT,reference value empty/out-of-range; parser value appears in PDF fee row
KR5157450090,S-P,total_expense_ratio,0.87,0.897,,,,FIELD_MISMATCH / expense_ratio_mismatch / 비용표 원문에서 총보수·비용 컬럼 재확인,Y,R2_KR5157450090.pdf,35,1,19,50,0.55/0.28/0.02/0.02/0.87/0.87/0.897/0.969,수수료미징구-온라인슈퍼- 개인연금(S-P) | 0.550 | | | 0.280 | 0.020 | 0.020 | | | 0.870 | - | 0.870 | - | 0.897 | | | 0.9690 |,NEEDS_POLICY_REVIEW,"both values appear in PDF row, likely total vs synthetic total columns"
KR518102001M,C-P2E,total_expense_ratio,0.7,0.73,,,,FIELD_MISMATCH / expense_ratio_mismatch / 비용표 원문에서 총보수·비용 컬럼 재확인,Y,R2_KR518102001M.pdf,,,,,,,,
